date,actual_open,actual_high,actual_low,actual_close,pred_open,pred_high,pred_low,pred_close
2021-10-29,3519.3276,3547.3361,3502.8012999999996,3547.3361,3567.9531,3609.0718,3520.4675,3568.5193
2021-11-01,3530.3962999999994,3556.59,3519.2901000000006,3544.4795000000004,3558.8281,3599.8254,3511.521,3559.4092
2021-11-02,3543.3827,3559.0478,3477.664,3505.6283000000003,3557.8618,3598.8586,3510.586,3558.457
2021-11-03,3501.1051,3512.6089,3480.4876999999997,3498.5368,3551.4739,3592.3784,3504.3152,3552.0713
2021-11-04,3505.8944000000006,3527.9517000000005,3503.0059000000006,3526.8657,3518.1362,3558.5132,3471.5466,3518.698
2021-11-05,3520.2073,3525.8723,3491.4565,3491.5677000000005,3510.1514,3550.4272,3463.7236,3510.7317
2021-11-08,3491.9709,3507.2744,3484.2398999999996,3498.6307999999995,3506.8745,3547.1177,3460.5217,3507.4717
2021-11-09,3507.1075,3514.9512,3489.0431,3507.0018,3498.8557,3538.9814,3452.6492,3499.454
2021-11-10,3498.9444999999996,3498.9445,3448.4378,3492.4616,3495.4375,3535.518,3449.2983,3496.042
2021-11-11,3486.451,3534.1991,3482.8291,3532.7858,3490.7698,3530.7854,3444.719,3491.3784
2021-11-12,3534.1512,3543.648,3527.3896,3539.1002,3509.924,3550.2556,3463.5588,3510.5667
2021-11-15,3542.9034,3550.4438,3521.2924,3533.3026,3526.416,3566.996,3479.7576,3527.0635
2021-11-16,3530.4575,3549.7654,3517.8065000000006,3521.7867,3534.532,3575.2227,3487.7173,3535.17
2021-11-17,3518.5646,3537.5125,3513.523,3537.3662,3532.4048,3573.048,3485.6125,3533.026
2021-11-18,3531.4923,3537.9757999999997,3513.1136,3520.7106000000003,3526.5647,3567.1104,3479.867,3527.1733
2021-11-19,3519.2758,3561.9127,3517.6514,3560.3733999999995,3523.8435,3564.3494,3477.1948,3524.4526
2021-11-22,3562.7627999999995,3585.1876,3562.7505,3582.0797000000002,3540.9287,3581.715,3493.9988,3541.567
2021-11-23,3580.5058,3598.3749,3577.3608,3589.0894,3566.4824,3607.6636,3519.1074,3567.139
2021-11-24,3590.0188999999996,3602.7354,3575.2884,3592.7025,3591.5452,3633.101,3543.721,3592.2058
2021-11-25,3593.3883,3597.1477999999997,3579.5333,3584.1788,3599.7307,3641.3855,3551.7363,3600.3674
2021-11-26,3576.1136,3576.1136,3554.8798000000006,3564.0894,3589.8252,3631.2996,3541.9758,3590.426
2021-11-29,3528.672,3563.6769999999997,3526.3550999999998,3562.6968,3570.4138,3611.5774,3522.892,3570.9897
2021-11-30,3570.7468000000003,3582.115,3546.3618,3563.8872,3562.131,3603.1824,3514.769,3562.7173
2021-12-01,3561.8860000000004,3576.8853,3558.691,3576.8853,3568.408,3609.576,3520.956,3569.0198
2021-12-02,3573.2468,3586.867,3567.137,3573.8358,3575.4773,3616.757,3527.9053,3576.097
2021-12-03,3576.4496,3608.4697999999994,3573.2135,3607.4322,3583.6873,3625.0906,3535.9685,3584.309
2021-12-06,3615.2356000000004,3626.1257,3586.8052,3589.3061,3606.0752,3647.826,3557.9683,3606.714
2021-12-07,3611.2170000000006,3614.2228,3572.5688,3595.0882,3623.013,3665.0117,3574.5967,3623.6487
2021-12-08,3602.824,3637.7150000000006,3591.9857000000006,3637.5675,3627.5537,3669.6028,3579.0388,3628.1716
2021-12-09,3641.1579,3688.3967999999995,3638.7022,3673.0412,3630.9739,3673.0615,3582.3855,3631.5793
2021-12-10,3654.3684,3667.8547,3651.3525,3666.3478999999998,3663.3774,3705.9731,3614.2317,3664.0132
2021-12-13,3686.9368,3708.9424000000004,3678.0583000000006,3681.082,3679.666,3722.491,3630.2148,3680.2898
2021-12-14,3669.8067,3671.6784,3654.6561,3661.5252999999993,3696.9287,3740.0037,3647.1602,3697.5464
2021-12-15,3655.0488999999993,3668.4016,3645.2425,3647.6302999999994,3680.622,3723.4092,3631.102,3681.1907
2021-12-16,3648.9271,3675.016,3644.6646,3675.0159999999996,3664.5842,3707.118,3615.3381,3665.1355
2021-12-17,3670.2578,3673.6535000000003,3631.6605,3632.3638,3668.6997,3711.3152,3619.3997,3669.2727
2021-12-20,3620.0371,3643.9537,3589.3602999999994,3593.6019,3666.2761,3708.8562,3617.0208,3666.8496
2021-12-21,3591.4519,3627.0884,3591.4519,3625.1251,3651.5413,3693.8928,3602.5413,3652.1035
2021-12-22,3632.6763,3635.8992,3616.5477,3622.6178,3646.737,3689.0251,3597.831,3647.3071
2021-12-23,3625.4695,3643.5459,3618.0479999999993,3643.3391,3641.7542,3683.9656,3592.9363,3642.3223
2021-12-24,3645.3948000000005,3648.9555999999993,3612.0672999999997,3618.0535000000004,3644.2358,3686.4902,3595.38,3644.8108
2021-12-27,3613.0469,3632.188,3601.9351,3615.9741000000004,3640.5813,3682.777,3591.7869,3641.1511
2021-12-28,3619.6418999999996,3631.0765999999994,3607.3642999999997,3630.1115000000004,3624.0823,3666.016,3575.5688,3624.6338
2021-12-29,3630.9159,3630.9159000000004,3596.3225,3597.0002,3616.691,3658.519,3568.3152,3617.2466
2021-12-30,3596.4921000000004,3628.9177,3595.4957,3619.1886,3603.019,3644.64,3554.8853,3603.569
2021-12-31,3626.242,3642.843,3624.9418999999994,3639.7754,3606.6182,3648.3137,3558.441,3607.1914
2022-01-04,3649.151,3651.8924,3610.0922,3632.3289,3627.1602,3669.1877,3578.6396,3627.7632
2022-01-05,3628.2634,3628.2634,3583.4668000000006,3595.1761,3655.2146,3697.679,3606.2078,3655.8406
2022-01-06,3581.2184,3594.489,3559.8803,3586.0792,3657.0588,3699.526,3607.9934,3657.6584
2022-01-07,3588.9851,3607.2316,3577.0975999999996,3579.5427000000004,3629.919,3671.9382,3581.2983,3630.4697
2022-01-10,3572.7434,3593.5187,3555.1255,3593.5187,3619.9033,3661.7793,3571.468,3620.4587
2022-01-11,3589.9042999999997,3602.1454000000003,3562.7541000000006,3567.4409,3601.6562,3643.2554,3553.5444,3602.2043
2022-01-12,3578.1629,3599.4993,3572.0964999999997,3597.4321,3583.2659,3624.5906,3535.4846,3583.8115
2022-01-13,3601.0265,3601.0725,3555.1576,3555.2585,3584.8984,3626.2734,3537.1138,3585.472
2022-01-14,3544.0651999999995,3548.4204,3519.3222,3521.2559000000006,3581.3853,3622.714,3533.67,3581.9644
2022-01-17,3522.0851000000002,3546.0853,3519.4257,3541.6659999999997,3565.496,3606.5808,3518.0586,3566.0662
2022-01-18,3541.8899,3579.3126000000007,3531.3295,3569.9144000000006,3547.233,3588.04,3500.1184,3547.795
2022-01-19,3567.6309,3578.7347999999997,3541.6619,3558.1796,3561.6152,3602.674,3514.2793,3562.2188
2022-01-20,3556.2262,3576.2594,3540.5545,3555.0629,3563.028,3604.1057,3515.6646,3563.6294
2022-01-21,3546.7495,3547.0003000000006,3514.8853,3522.5679,3571.146,3612.3528,3523.6445,3571.7566
2022-01-24,3508.2441,3531.6081,3500.1391000000003,3524.105,3550.2532,3591.119,3503.0974,3550.8303
2022-01-25,3509.2847,3519.8334,3433.0612,3433.0611999999996,3522.565,3563.001,3475.8896,3523.1206
2022-01-26,3442.6916000000006,3462.1232999999997,3417.7585,3455.6679,3482.0054,3521.8257,3436.047,3482.5442
2022-01-27,3456.1021,3456.363,3392.0154,3394.2474,3456.651,3496.1157,3411.1702,3457.2104
2022-01-28,3407.5932999999995,3417.0453,3356.5557999999996,3361.4396999999994,3423.299,3462.2715,3378.4219,3423.8599
2022-02-07,3407.7620999999995,3434.0256,3407.7621000000004,3429.5809,3396.0022,3434.5857,3351.6328,3396.5789
2022-02-08,3428.5424,3453.1863,3390.4577999999997,3452.6288,3419.0894,3458.0825,3374.371,3419.7385
2022-02-09,3450.818,3484.7389999999996,3444.0848,3479.9458,3452.0242,3491.5425,3406.7483,3452.7131
2022-02-10,3481.9101,3488.8552000000004,3464.2169,3485.9071000000004,3478.505,3518.4165,3432.752,3479.1958
2022-02-11,3472.2757,3500.1471,3459.3299000000006,3462.9479,3491.773,3531.8616,3445.761,3492.443
2022-02-14,3451.8468,3457.2645,3415.4463,3428.8820999999994,3487.5916,3527.59,3441.6267,3488.232
2022-02-15,3428.0447,3447.4917000000005,3421.6403,3446.0884999999994,3454.9915,3494.465,3409.573,3455.5862
2022-02-16,3457.073,3475.0576,3453.8014000000003,3465.8305000000005,3430.7048,3469.817,3385.723,3431.2964
2022-02-17,3464.2091,3480.9719,3454.2767,3468.0354,3432.2148,3471.3806,3387.2368,3432.8396
2022-02-18,3451.6318,3490.7573,3447.0273000000007,3490.7573,3447.4287,3486.8525,3402.2087,3448.0881
2022-02-21,3488.4057,3492.1994,3471.6858,3490.6123,3467.232,3506.9675,3421.6726,3467.9114
2022-02-22,3473.2874,3473.3931,3437.6717,3457.146,3481.0938,3521.0308,3435.2805,3481.7698
2022-02-23,3458.5139,3490.7633000000005,3458.1795,3489.1465,3476.852,3516.7043,3431.0928,3477.5044
2022-02-24,3474.3692000000005,3486.9773,3400.2136,3429.9563999999996,3484.2861,3524.254,3438.398,3484.9438
2022-02-25,3445.3360999999995,3480.1756,3440.9339000000004,3451.4061,3496.8208,3536.9905,3450.7207,3497.495
2022-02-28,3450.3155,3462.3064000000004,3425.5162,3462.3064,3490.163,3530.2144,3444.1633,3490.8162
2022-03-01,3471.3646000000003,3491.1317,3465.7154,3488.8347,3471.069,3510.8093,3425.3867,3471.6924
2022-03-02,3478.2925,3486.6206,3466.9999,3484.1916000000006,3467.2078,3506.8955,3421.6003,3467.8362
2022-03-03,3495.928,3500.2872,3473.3376,3481.1125000000006,3468.166,3507.876,3422.55,3468.804
2022-03-04,3459.9845,3474.8816000000006,3437.6964,3447.649,3492.1924,3532.295,3446.1785,3492.869
2022-03-07,3438.5602,3438.5602,3360.7393,3372.8552000000004,3489.2576,3529.2986,3443.2783,3489.9143
2022-03-08,3372.5546000000004,3383.6326,3287.3412,3293.5301,3448.4414,3487.8286,3403.1494,3449.0454
2022-03-09,3303.706,3321.4811,3147.6768,3256.3883999999994,3388.6023,3427.0703,3344.3567,3389.17
2022-03-10,3312.1789,3326.5827,3291.2352,3296.0922,3337.6545,3375.381,3294.341,3338.2346
2022-03-11,3259.3227,3315.6603,3217.4185,3309.7467,3316.7373,3354.1914,3273.8396,3317.3577
2022-03-14,3271.8902,3297.7973,3223.5328,3223.5328000000004,3306.6042,3343.9365,3263.9187,3307.2556
2022-03-15,3192.3637,3196.9161,3063.9652,3063.9652,3263.3245,3299.988,3221.393,3263.9465
2022-03-16,3107.669,3177.7882,3023.3045,3170.7103,3194.3926,3230.0132,3153.6816,3194.9897
2022-03-17,3215.0105,3260.1673,3202.9337,3215.0445,3191.2712,3226.9285,3150.6987,3191.9553
2022-03-18,3207.1522,3260.7829,3197.3578,3251.0724,3218.0557,3254.167,3177.0583,3218.8025
2022-03-21,3255.6152,3267.4982,3223.3892,3253.6857,3237.764,3274.1765,3196.4211,3238.5212
2022-03-22,3249.5428,3279.1127000000006,3239.5323000000003,3259.8619,3244.2222,3280.7156,3202.748,3244.9634
2022-03-23,3264.7923,3279.8868,3251.9817,3271.0325,3252.14,3288.749,3210.5212,3252.8792
2022-03-24,3256.0572999999995,3266.8866,3236.6592000000005,3250.2644,3261.0002,3297.7437,3219.2244,3261.7424
2022-03-25,3247.1568,3257.1061,3211.6445000000003,3212.2399,3252.6914,3289.2932,3211.0464,3253.4133
2022-03-28,3185.1668,3230.2153,3159.8348000000005,3214.5027,3234.5142,3270.833,3193.1821,3235.2202
2022-03-29,3216.0118,3229.1766,3196.4553,3203.9393,3221.1343,3257.262,3180.05,3221.8474
2022-03-30,3217.5921,3266.5959,3216.3023,3266.5959,3208.075,3244.014,3167.2307,3208.7927
2022-03-31,3256.1369000000004,3272.04,3246.063,3252.2029,3239.6023,3276.0647,3198.2456,3240.3801
2022-04-01,3234.668,3287.2284999999997,3226.2965,3282.7166,3264.9717,3301.8235,3223.171,3265.765
2022-04-06,3269.427,3288.108,3255.6894,3283.4261000000006,3282.7346,3319.8447,3240.6077,3283.5222
2022-04-07,3267.8103,3290.2561,3236.4791000000005,3236.6951,3298.4631,3335.7998,3256.0457,3299.2437
2022-04-08,3239.8767000000003,3257.0938000000006,3208.3521,3251.8502,3281.6743,3318.7197,3239.5168,3282.4094
2022-04-11,3239.855,3239.855,3156.5066000000006,3167.1259,3271.2976,3308.1838,3229.3215,3272.0264
2022-04-12,3165.1197000000006,3214.5358999999994,3140.8998,3213.3295,3232.1106,3268.3835,3190.8086,3232.8042
2022-04-13,3199.7971999999995,3225.467,3183.533,3186.8243999999995,3222.104,3258.2573,3181.0107,3222.8276
2022-04-14,3203.6337,3240.0014,3200.2345999999993,3225.6412,3206.505,3242.427,3165.6938,3207.229
2022-04-15,3210.6996,3229.8655,3200.1332,3211.2448,3214.242,3250.3062,3173.3193,3214.9956
2022-04-18,3185.9428,3204.0274,3166.9781999999996,3195.524,3222.9019,3259.1052,3181.8342,3223.6677
2022-04-19,3192.0924,3207.8276,3174.7138,3194.0287,3207.367,3243.316,3166.5557,3208.107
2022-04-20,3189.8912,3191.8315,3142.0485,3151.0497999999993,3194.2856,3230.033,3153.7024,3195.017
2022-04-21,3138.4276,3160.8994,3069.6809,3079.8077,3176.016,3211.4878,3135.7573,3176.7424
2022-04-22,3058.4044,3105.6552,3049.3555,3086.9192999999996,3143.055,3178.0286,3103.3804,3143.7698
2022-04-25,3034.2666999999997,3043.8156,2928.5096,2928.5118,3112.144,3146.6597,3073.0269,3112.8591
2022-04-26,2930.4532,2957.6800000000003,2878.2563000000005,2886.4257,3042.6414,3076.093,3004.7424,3043.3196
2022-04-27,2866.8161,2959.1781000000005,2863.6497,2958.282,2976.9956,3009.4724,2940.2783,2977.672
2022-04-28,2945.8109,2991.5101,2936.7941,2975.4848,2969.579,3002.0178,2933.0679,2970.3333
2022-04-29,2986.0606,3048.4941,2968.3340000000003,3047.0624,2973.5513,3006.0867,2937.0078,2974.3472
2022-05-05,3044.8490999999995,3082.2294999999995,3042.1155,3067.7587000000003,3019.724,3053.014,2982.4187,3020.5945
2022-05-06,3011.3187,3030.6926000000003,2992.7152,3001.5605,3054.3765,3088.1902,3016.4568,3055.2573
2022-05-09,2990.199,3015.9425,2983.6119000000003,3004.1409,3029.8774,3063.26,2992.331,3030.6846
2022-05-10,2965.7759,3043.7789,2957.3967999999995,3035.8442,2999.434,3032.3315,2962.402,3000.2048
2022-05-11,3035.3893,3100.8998,3034.6745,3058.7027,3008.937,3042.0195,2971.7773,3009.7542
2022-05-12,3044.7997,3072.1574,3032.9452,3054.9939999999997,3050.8965,3084.6653,3013.0432,3051.7808
2022-05-13,3068.0330999999996,3086.0957,3059.2527,3084.2845,3059.9077,3093.7942,3021.8762,3060.7751
2022-05-16,3100.5500000000006,3102.577,3063.3977000000004,3073.7488000000003,3069.1978,3103.2102,3030.987,3070.0527
2022-05-17,3076.4982,3093.6964999999996,3057.6406,3093.6965,3072.4045,3106.4497,3034.121,3073.2437
2022-05-18,3095.8862,3105.8418999999994,3071.305,3085.9768,3079.5176,3113.6682,3041.1057,3080.3567
2022-05-19,3046.7104,3096.9647999999997,3042.6742,3096.9647999999997,3079.1877,3113.323,3040.7712,3080.0159
2022-05-20,3107.0940999999993,3146.5673,3107.0941,3146.5673,3083.3728,3117.575,3044.885,3084.2058
2022-05-23,3150.4898,3150.5093,3127.8986,3146.8573000000006,3119.667,3154.4485,3080.5657,3120.544
2022-05-24,3149.0589999999997,3153.1299,3070.9272000000005,3070.9272000000005,3141.035,3176.1265,3101.542,3141.9053
2022-05-25,3070.1702,3107.6279,3069.9459000000006,3107.4641,3131.8306,3166.7495,3092.4666,3132.6614
2022-05-26,3111.4817,3133.2767,3079.4812,3123.1079,3117.8796,3152.5684,3078.7437,3118.6858
2022-05-27,3135.0314999999996,3151.047,3112.5443,3130.2394,3118.2478,3152.9475,3079.1108,3119.0603
2022-05-30,3141.9559999999997,3150.8923,3123.1495,3149.0607,3125.4668,3160.2812,3086.2083,3126.288
2022-05-31,3149.9443,3188.6026,3142.0044,3186.4271,3137.222,3172.2175,3097.759,3138.0513
2022-06-01,3179.6949,3190.6094,3160.0399000000007,3182.1565999999993,3165.7898,3201.2302,3125.833,3166.642
2022-06-02,3170.3055,3197.2818,3163.7555,3195.4580000000005,3180.4111,3216.056,3140.1787,3181.2507
2022-06-06,3196.9551999999994,3237.0710000000004,3181.647,3236.3719,3189.7793,3225.549,3149.3638,3190.6038
2022-06-07,3235.4159999999997,3253.093,3222.6354,3241.7635,3222.958,3259.242,3181.966,3223.8064
2022-06-08,3245.0172999999995,3266.6298,3216.0148,3263.7934,3244.0503,3280.636,3202.667,3244.8872
2022-06-09,3259.4898999999996,3270.5570999999995,3223.4751,3238.9543,3266.7346,3303.653,3224.9387,3267.568
2022-06-10,3214.1848,3286.6194999999993,3210.8083,3284.8341,3265.9526,3302.8247,3224.1357,3266.749
2022-06-13,3256.275,3272.9905999999996,3229.3088999999995,3255.5511,3279.5444,3316.6213,3237.4858,3280.3445
2022-06-14,3224.2140999999997,3289.1342999999997,3195.8192,3288.9066,3275.1301,3312.1177,3233.1274,3275.905
2022-06-15,3289.1036,3358.5453,3288.8512,3305.4066000000003,3283.218,3320.3337,3241.0774,3284.001
2022-06-16,3306.8353,3319.6890000000003,3277.5306,3285.3844999999997,3325.5005,3363.2854,3282.6394,3326.3293
2022-06-17,3265.5124,3323.2797000000005,3262.8936,3316.7857,3320.587,3358.2502,3277.7664,3321.3645
2022-06-20,3315.7833,3333.9025,3292.9279,3315.4302,3309.3357,3346.7993,3266.686,3310.0781
2022-06-21,3313.7873999999997,3329.39,3279.8269,3306.7186000000006,3308.2214,3345.665,3265.5894,3308.9614
2022-06-22,3309.1184000000003,3311.0209,3266.5427,3267.2015999999994,3306.1301,3343.5417,3263.5347,3306.869
2022-06-23,3269.0545,3320.1487,3262.2939000000006,3320.1487,3289.0908,3326.2314,3246.785,3289.8103
2022-06-24,3324.7359999999994,3356.7145,3322.9496,3349.747,3305.2634,3342.6787,3262.7002,3306.0198
2022-06-27,3364.003,3393.3091,3364.003,3379.1852000000003,3332.6858,3370.5269,3289.6482,3333.4639
2022-06-28,3377.6793,3412.1017,3358.8666,3409.2103,3370.4468,3408.862,3326.7424,3371.2412
2022-06-29,3399.6779,3414.6466999999993,3358.4676,3361.5176999999994,3401.4993,3440.366,3357.2263,3402.2854
2022-06-30,3358.9338,3417.0085000000004,3358.9338000000002,3398.6161,3403.6118,3442.469,3359.2595,3404.3542
2022-07-01,3400.2616,3404.0522999999994,3378.3621,3387.6372999999994,3401.132,3439.9282,3356.8005,3401.8494
2022-07-04,3381.8194,3405.6185,3364.0947,3405.4266999999995,3386.7825,3425.3367,3342.6812,3387.4683
2022-07-05,3411.1296999999995,3424.8366,3372.0623000000005,3404.0252000000005,3386.5625,3425.1216,3342.4734,3387.2568
2022-07-06,3391.0265,3391.0265000000004,3333.0965000000006,3355.3497000000007,3404.0366,3442.8813,3359.659,3404.7598
2022-07-07,3353.1283,3375.8595000000005,3332.3092,3364.398,3391.1228,3429.751,3346.9526,3391.8188
2022-07-08,3380.3686000000002,3386.3149000000003,3354.1208999999994,3356.0778,3371.3394,3409.6533,3327.5059,3372.013
2022-07-11,3341.1016000000004,3341.1016,3297.0050000000006,3313.584,3356.999,3395.0947,3313.419,3357.667
2022-07-12,3307.2211000000007,3319.2512000000006,3277.0794,3281.4665,3335.688,3373.4612,3292.4858,3336.349
2022-07-13,3279.6025,3297.0185,3266.4811,3284.2918,3310.824,3348.2258,3268.0671,3311.4812
2022-07-14,3277.4545,3299.2512,3261.4934,3281.744,3297.1304,3334.3438,3254.6355,3297.8032
2022-07-15,3261.3826,3288.9198000000006,3228.0608999999995,3228.0609,3295.2432,3332.449,3252.803,3295.938
2022-07-18,3235.0881,3278.4715,3226.2314999999994,3278.1033,3279.1436,3316.1045,3236.9873,3279.831
2022-07-19,3278.7220999999995,3283.9295,3256.0152,3279.4313,3279.6804,3316.6672,3237.5325,3280.3877
2022-07-20,3291.5507,3308.3471999999997,3287.7441,3304.7242999999994,3273.8296,3310.724,3231.7822,3274.531
2022-07-21,3297.6614,3300.5345,3272.0012,3272.0012,3280.9575,3317.9697,3238.7942,3281.6719
2022-07-22,3276.1965999999998,3293.6439,3246.7312999999995,3269.9739000000004,3281.2522,3318.2678,3239.0823,3281.9658
2022-07-25,3269.7069999999994,3273.1836,3243.0311,3250.3880000000004,3274.3855,3311.294,3232.3345,3275.0925
2022-07-26,3254.1852,3282.4133,3246.044,3277.4356,3254.6946,3291.2935,3212.981,3255.3826
2022-07-27,3271.7825,3282.5739,3265.7267,3275.7553,3251.6453,3288.2139,3210.001,3252.3486
2022-07-28,3287.5019,3305.7056999999995,3277.1078,3282.5758,3251.8264,3288.4062,3210.188,3252.5396
2022-07-29,3282.8114,3294.8045,3246.3677,3253.2381999999993,3268.781,3305.6396,3226.8635,3269.523
2022-08-01,3246.6161,3264.3041,3225.5533,3259.9585,3272.985,3309.905,3230.9902,3273.7258
2022-08-02,3231.2621,3231.2621,3155.1866000000005,3186.2664,3268.1323,3304.9692,3226.2134,3268.8606
2022-08-03,3188.8906000000006,3217.5496,3159.4570000000003,3163.6740999999997,3247.4446,3283.9592,3205.8818,3248.1553
2022-08-04,3179.4278000000004,3190.9992,3155.7038999999995,3189.0391000000004,3211.6514,3247.6123,3170.711,3212.337
2022-08-05,3195.2274,3228.8863000000006,3184.4549,3227.0267,3182.4385,3217.9624,3142.0215,3183.1204
2022-08-08,3218.8511,3237.9693,3214.0826,3236.9337,3187.4072,3223.0442,3146.9412,3188.132
2022-08-09,3235.7351,3248.7718,3227.5394,3247.4318000000003,3199.532,3235.3733,3158.8726,3200.2832
2022-08-10,3242.3622,3253.1662,3217.8065,3230.02,3216.883,3252.9983,3175.9275,3217.652
2022-08-11,3243.4716,3281.6654,3237.9041,3281.6654,3221.737,3257.9165,3180.6858,3222.4976
2022-08-12,3275.77,3288.2233,3272.8406,3276.8877,3253.709,3290.3936,3212.1118,3254.5027
2022-08-15,3268.3653,3286.891,3261.8151,3276.087,3272.4438,3309.3982,3230.5005,3273.229
2022-08-16,3278.6756,3295.0226,3271.5703,3277.8846999999996,3275.266,3312.2378,3233.247,3276.0254
2022-08-17,3282.1007999999997,3295.9976,3263.3483,3292.526,3277.6245,3314.621,3235.5522,3278.373
2022-08-18,3286.3669,3289.1415,3270.5584,3277.5438000000004,3287.8335,3324.9878,3245.5833,3288.5886
2022-08-19,3275.6229,3286.4911000000006,3258.0637,3258.0784,3282.476,3319.5327,3240.3044,3283.2117
2022-08-22,3249.7046,3278.1655,3247.1870000000004,3277.7943,3275.936,3312.8887,3233.8748,3276.6638
2022-08-23,3274.4269999999997,3284.5963,3262.6331,3276.2233999999994,3273.9521,3310.879,3231.9302,3274.6836
2022-08-24,3279.1716,3281.8752,3212.386,3215.2033,3273.2449,3310.1616,3231.2366,3273.977
2022-08-25,3223.4645,3248.3505,3199.1242,3246.2481,3260.0288,3296.7407,3218.2493,3260.7512
2022-08-26,3250.6276,3266.2737,3232.2766,3236.2226,3254.4011,3291.0366,3212.7302,3255.1306
2022-08-29,3203.1022,3240.7275,3198.9959999999996,3240.7275,3243.0476,3279.5063,3201.5735,3243.7683
2022-08-30,3240.1835,3243.7460000000005,3212.6346,3227.2203,3230.735,3267.007,3189.4795,3231.452
2022-08-31,3216.5257,3232.0157999999997,3184.3936,3202.1378,3221.2034,3257.3367,3180.1226,3221.9226
2022-09-01,3196.5367000000006,3214.5583,3181.6256,3184.9797,3218.1448,3254.2476,3177.1333,3218.8794
2022-09-02,3189.6439,3198.2812,3173.7928999999995,3186.4781000000003,3197.9998,3233.7886,3157.3367,3198.7178
2022-09-05,3183.946,3199.9117999999994,3172.0394,3199.9118,3179.3054,3214.8108,3138.9736,3180.017
2022-09-06,3207.933,3244.6352999999995,3203.8160999999996,3243.4466000000007,3181.2402,3216.7988,3140.8982,3181.9783
2022-09-07,3232.1368000000007,3253.7671,3227.8225,3246.2943,3214.9944,3251.1033,3174.0935,3215.7856
2022-09-08,3245.557,3253.7005,3233.8007000000002,3235.5862,3235.896,3272.3164,3194.6199,3236.6897
2022-09-09,3241.1809000000003,3266.1974,3236.5078,3262.0541999999996,3237.0256,3273.4358,3195.7021,3237.7903
2022-09-13,3272.0492,3278.1659,3259.6644000000006,3263.7972000000004,3244.4702,3280.9866,3203.0078,3245.2305
2022-09-14,3224.6783,3250.8024000000005,3221.9608999999996,3237.5419,3250.0066,3286.599,3208.4385,3250.761
2022-09-15,3248.9721000000004,3254.1789000000003,3174.3898999999997,3199.9187000000006,3233.9343,3270.2617,3192.629,3234.6592
2022-09-16,3189.8265,3191.8265,3126.3972,3126.3977,3223.3042,3259.4795,3182.195,3224.0337
2022-09-19,3122.7549000000004,3135.5565,3101.2207,3115.6019000000006,3185.3977,3220.9866,3144.9468,3186.1
2022-09-20,3127.8356,3140.0252,3114.0367999999994,3122.4057999999995,3138.998,3173.8787,3099.3638,3139.6785
2022-09-21,3116.0065,3129.8245,3091.2966,3117.1774,3110.1638,3144.627,3071.0603,3110.856
2022-09-22,3098.7682,3125.6797,3092.8189,3108.9096,3098.556,3132.8755,3059.6912,3099.279
2022-09-23,3106.8055,3124.6583000000005,3072.2409,3088.3695000000002,3092.7031,3126.9578,3053.9658,3093.4492
2022-09-26,3067.5689000000007,3102.6544,3048.5143,3051.2260000000006,3089.472,3123.695,3050.8093,3090.2354
2022-09-27,3056.3917,3094.0389,3048.365,3093.8618000000006,3076.8171,3110.852,3038.3813,3077.579
2022-09-28,3089.0975,3089.0975000000003,3044.864,3045.0668000000005,3078.0183,3112.0864,3039.5767,3078.7974
2022-09-29,3067.4727,3076.7614999999996,3026.0792,3041.2046,3058.3381,3092.0957,3020.2322,3059.0967
2022-09-30,3042.1664,3054.6129,3021.9309,3024.3904999999995,3044.9185,3078.481,3007.058,3045.681
2022-10-10,3026.9354000000003,3029.4477999999995,2968.281,2974.1454,3025.5833,3058.8552,2988.0676,3026.3416
2022-10-11,2978.0617,2986.9116,2953.4953000000005,2979.7925999999998,3001.019,3033.9263,2963.9448,3001.776
2022-10-12,2976.7168,3025.5055000000007,2934.0922,3025.5055,2980.8345,3013.4497,2944.131,2981.599
2022-10-13,3008.3015999999993,3036.2485,3004.4963000000002,3016.3561,2993.4688,3026.318,2956.5845,2994.2832
2022-10-14,3035.0341,3084.2724,3035.0341,3071.9868,3004.4473,3037.476,2967.382,3005.2798
2022-10-17,3060.5176,3087.1943999999994,3052.7149,3084.9423,3042.4832,3076.1172,3004.7734,3043.3594
2022-10-18,3094.9272,3099.9182,3074.2162000000003,3080.9574,3065.3882,3099.3577,3027.2607,3066.2593
2022-10-19,3073.2616,3081.3903000000005,3044.3777,3044.3777,3070.9873,3105.0132,3032.7327,3071.8303
2022-10-20,3029.3028,3070.2648,3013.6929,3035.0503999999996,3050.966,3084.6548,3013.0315,3051.7654
2022-10-21,3038.0357999999997,3055.4157,3026.9603000000006,3038.9291,3034.1099,3067.5413,2996.471,3034.9006
2022-10-24,3034.7458,3064.4211,2965.1675,2977.5554,3028.6504,3062.0137,2991.1223,3029.4546
2022-10-25,2969.156,3001.7150000000006,2944.2606999999994,2976.2830000000004,3013.714,3046.8586,2976.4573,3014.5205
2022-10-26,2977.5643000000005,3028.3478,2977.5643,2999.5036,2992.7034,3025.531,2955.8196,2993.504
2022-10-27,3005.0373,3017.2629,2981.6888999999996,2982.9029,2992.501,3025.3452,2955.641,2993.3232
2022-10-28,2967.0221,2974.236,2908.9831,2915.9257,2988.6672,3021.4587,2951.8804,2989.494
2022-10-31,2893.1962000000003,2926.015,2885.0894,2893.4829,2960.2522,2992.5989,2923.9539,2961.054
2022-11-01,2899.4985000000006,2969.1995000000006,2896.7572,2969.1995,2931.2844,2963.1956,2895.5017,2932.0796
2022-11-02,2960.6465,3019.0486000000005,2954.9478000000004,3003.3699,2949.5955,2981.834,2913.5388,2950.4507
2022-11-03,2981.2038,3003.7207,2977.7162000000003,2997.8057,2981.208,3013.9521,2944.6191,2982.1028
2022-11-04,2996.9971,3081.5903,2996.9971,3070.7964,2983.3352,3016.0847,2946.6821,2984.2021
2022-11-07,3062.8589999999995,3088.1927,3054.4571,3077.8169999999996,3025.793,3059.213,2988.4155,3026.7031
2022-11-08,3077.3056000000006,3078.276,3047.4624,3064.4928,3057.0378,3090.9219,3019.0977,3057.9485
2022-11-09,3064.4633,3073.9183,3046.1881,3048.1675999999998,3053.7231,3087.512,3015.7966,3054.5842
2022-11-10,3031.6915,3047.9803,3022.8506,3036.1317999999997,3036.016,3069.504,2998.3699,3036.836
2022-11-11,3099.65,3117.7419,3070.3007,3087.2926000000007,3025.9917,3059.329,2988.5242,3026.8096
2022-11-14,3100.8669,3121.4056,3075.2152,3083.4012999999995,3081.5825,3115.8325,3043.2,3082.494
2022-11-15,3081.1349,3135.5902999999994,3074.4981999999995,3134.0778,3108.6846,3143.3323,3069.8088,3109.5916
2022-11-16,3133.6504,3145.7526,3115.3453,3119.9804,3125.4033,3160.275,3086.203,3126.2852
2022-11-17,3110.9648999999995,3115.4351,3087.1737,3115.4346999999993,3118.3345,3153.0537,3079.2144,3119.1667
2022-11-18,3116.7291,3126.7107000000005,3096.8858,3097.2431999999994,3103.1538,3137.6196,3064.279,3103.9556
2022-11-21,3078.0569,3085.2426,3056.1703,3085.0444,3092.9387,3127.2488,3054.2441,3093.736
2022-11-22,3084.2328,3118.1197000000006,3076.3214,3088.9426,3073.4084,3107.4187,3035.056,3074.1946
2022-11-23,3084.7403,3108.2438000000006,3075.3241,3096.9073,3083.0417,3117.229,3044.5503,3083.8647
2022-11-24,3104.0955,3113.2391999999995,3084.8554,3089.3096,3096.938,3131.351,3058.2153,3097.782
2022-11-25,3085.4610999999995,3111.4214,3077.9670999999994,3101.6932,3090.8755,3125.175,3052.239,3091.695
2022-11-28,3055.2899,3080.1843000000003,3034.7045,3078.5485,3095.9407,3130.3184,3057.2163,3096.764
2022-11-29,3096.1126,3152.0027,3096.1125999999995,3149.7478000000006,3083.828,3118.0078,3045.3035,3084.631
2022-11-30,3141.3992,3158.5732000000003,3137.3687,3151.3353,3127.2214,3162.107,3087.9766,3128.0916
2022-12-01,3187.9899,3198.4088,3164.5348,3165.4711,3154.9392,3190.2356,3115.1946,3155.8093
2022-12-02,3160.5789000000004,3170.898,3149.8406,3156.1441999999997,3179.518,3215.1704,3139.322,3180.38
2022-12-05,3181.9155,3213.4395,3177.0642,3211.8144,3165.7217,3201.1118,3125.7173,3166.522
2022-12-06,3200.275,3224.822,3195.0788,3212.5334,3204.2148,3240.2202,3163.5598,3205.0623
2022-12-07,3204.9352,3226.0816999999997,3188.6705,3199.6194,3216.5564,3252.7249,3175.6594,3217.3828
2022-12-08,3196.0156,3206.7151,3187.2566,3197.3499,3208.6692,3244.6855,3167.8794,3209.4585
2022-12-09,3197.1182999999996,3212.1058999999996,3182.9068,3206.9501999999998,3193.0127,3228.7712,3152.4797,3193.7747
2022-12-12,3195.868,3196.7247,3176.5752000000007,3179.0417,3199.3203,3235.192,3158.6934,3200.1028
2022-12-13,3179.4354000000003,3187.2035,3171.4827,3176.3255000000004,3188.756,3224.4583,3148.307,3189.5247
2022-12-14,3178.5541999999996,3189.8349999999996,3168.5925,3176.5253,3171.273,3206.699,3131.1228,3172.0242
2022-12-15,3177.1995,3179.1000000000004,3158.4515,3168.6478,3159.0066,3194.2488,3119.0764,3159.7559
2022-12-16,3156.1349,3175.3526,3151.6089,3167.8576,3148.3213,3183.4058,3108.5845,3149.0718
2022-12-19,3165.3092,3170.2552,3096.0980999999997,3107.115,3148.5964,3183.701,3108.871,3149.3643
2022-12-20,3098.9532,3100.7476999999994,3061.5098,3073.7659,3132.0232,3166.8733,3092.5872,3132.781
2022-12-21,3078.3312,3085.7951000000003,3060.5541999999996,3068.4105,3093.3896,3127.6372,3054.6206,3094.1152
2022-12-22,3085.8004000000005,3096.2449,3044.5991,3054.4313,3061.0547,3094.816,3022.8623,3061.774
2022-12-23,3038.8415999999997,3061.867,3031.5358,3045.8664,3049.4875,3083.1035,3011.5303,3050.2346
2022-12-26,3048.1963,3071.8363,3047.3491000000004,3065.5626000000007,3036.592,3070.028,2998.8787,3037.3516
2022-12-27,3077.7469,3098.0782999999997,3074.3133,3095.5678,3042.5413,3076.0938,3004.7493,3043.331
2022-12-28,3088.6174,3098.6496,3079.4338,3087.3997,3066.2466,3100.1838,3028.0605,3067.072
2022-12-29,3076.7264,3086.0048,3064.4594,3073.7016,3077.7227,3111.828,3039.3274,3078.5457
2022-12-30,3084.5226,3096.3135,3082.1964,3089.2578999999996,3072.1763,3106.1777,3033.859,3072.9756
2023-01-03,3087.5130000000004,3119.8556,3073.0539999999996,3116.5119,3073.5903,3107.6118,3035.2466,3074.389
2023-01-04,3117.5711,3129.0937,3109.4512,3123.5164,3096.909,3131.308,3058.1758,3097.741
2023-01-05,3132.7614,3159.4269999999997,3130.23,3155.2162,3114.6497,3149.3164,3075.601,3115.4866
2023-01-06,3155.0747,3170.7418,3151.8407,3157.6365,3132.4448,3167.3743,3093.074,3133.2803
2023-01-09,3169.3737,3183.583,3165.4282,3176.0845,3141.8716,3176.9268,3102.317,3142.6924
2023-01-10,3178.022,3178.1569,3165.1446,3169.5071999999996,3154.5254,3189.7656,3114.74,3155.3438
2023-01-11,3172.3759,3184.7570000000005,3160.8896,3161.8376000000003,3153.2407,3188.442,3113.4587,3154.0374
2023-01-12,3167.2729999999997,3171.5905,3153.4037999999996,3163.4508999999994,3149.7349,3184.874,3110.006,3150.5208
2023-01-13,3170.3547999999996,3195.3067,3167.5098,3195.3059000000003,3144.2996,3179.3525,3104.6626,3145.079
2023-01-16,3198.5189000000005,3251.3739,3197.3186,3227.5916,3156.3574,3191.607,3116.5212,3157.1565
2023-01-17,3229.4353999999994,3231.2645000000007,3211.7573,3224.2448,3199.8535,3235.7954,3159.2798,3200.7036
2023-01-18,3227.5947,3234.8169000000003,3220.3703,3224.406,3209.9553,3246.0183,3169.1711,3210.7747
2023-01-19,3221.5179,3240.2794,3210.3825000000006,3240.2794,3206.0225,3241.9937,3165.276,3206.807
2023-01-20,3247.2031,3267.0579000000002,3247.2030999999997,3264.8138,3209.4402,3245.4563,3168.6265,3210.2188
2023-01-30,3308.8694,3310.4903,3266.758,3269.318,3235.345,3271.7703,3194.089,3236.1504
2023-01-31,3266.1442,3277.2523999999994,3252.0145,3255.6692,3277.156,3314.232,3235.1763,3277.9949
2023-02-01,3262.1961000000006,3284.9224,3245.4113,3284.9213,3280.1448,3317.224,3238.07,3280.9402
2023-02-02,3291.7828,3295.7636,3272.4139999999998,3285.6705,3288.6453,3325.8381,3246.4045,3289.4272
2023-02-03,3275.6577999999995,3275.6578,3235.3533,3263.4059,3290.8289,3328.0364,3248.5315,3291.5925
2023-02-06,3244.7007,3250.3514,3226.2112,3238.6978000000004,3269.441,3306.2942,3227.4927,3270.1655
2023-02-07,3245.2296999999994,3250.033,3233.8334,3248.094,3237.6614,3274.0168,3196.2598,3238.3567
2023-02-08,3251.5005999999994,3257.1139999999996,3230.4393,3232.1063,3223.824,3259.9866,3182.6848,3224.532
2023-02-09,3227.7278,3270.3826,3225.7724,3270.3826,3214.499,3250.5337,3173.5393,3215.2188
2023-02-10,3266.4367,3269.9944,3247.2296,3260.6733999999997,3232.2744,3268.611,3191.0327,3233.0354
2023-02-13,3256.9880999999996,3285.0913,3252.6327,3284.1598999999997,3245.5383,3282.0793,3204.0652,3246.308
2023-02-14,3288.9742,3293.7338,3279.1893999999998,3293.2825,3269.5806,3306.4934,3227.689,3270.3665
2023-02-15,3294.015,3296.1995,3274.5505,3280.4919,3282.2166,3319.303,3240.0837,3282.9885
2023-02-16,3281.7352,3308.8279,3231.3420999999994,3249.0295,3280.348,3317.3804,3238.2227,3281.0923
2023-02-17,3244.7324999999996,3262.4729,3223.2581,3224.0243000000005,3286.5352,3323.6658,3244.3037,3287.2856
2023-02-20,3230.4728000000005,3291.0388000000003,3225.8427,3290.3383,3257.3064,3293.9622,3215.5605,3258.0122
2023-02-21,3291.6312,3308.7908000000007,3282.436,3306.5236,3268.0115,3304.858,3226.1042,3268.7515
2023-02-22,3292.0489,3307.0343,3286.7207,3291.1477,3287.1113,3324.2595,3244.879,3287.8718
2023-02-23,3293.5219,3307.4385,3275.3621,3287.477,3279.579,3316.5862,3237.454,3280.3088
2023-02-24,3287.2553,3288.3922000000002,3253.9748,3267.1597000000006,3272.838,3309.7344,3230.824,3273.5557
2023-02-27,3256.9998,3276.5790999999995,3251.7213,3258.0343999999996,3256.7075,3293.3518,3214.9714,3257.4111
2023-02-28,3265.742,3280.4154,3246.1446000000005,3279.6053,3246.698,3283.198,3205.1462,3247.4058
2023-03-01,3279.1364,3315.1604,3272.0351,3312.3478000000005,3254.4734,3291.1135,3212.8064,3255.2075
2023-03-02,3308.0113,3320.7441,3306.4553999999994,3310.6536,3290.0054,3327.217,3247.7417,3290.7876
2023-03-03,3314.7727,3330.6046,3302.6230999999993,3328.3927,3315.7373,3353.3325,3273.0117,3316.5225
2023-03-06,3332.0234999999993,3333.0619,3308.7254999999996,3322.0259,3335.3687,3373.2446,3292.278,3336.143
2023-03-07,3320.211,3342.8585,3284.4098999999997,3285.0988,3337.4866,3375.3633,3294.3276,3338.2292
2023-03-08,3271.8798000000006,3283.2479000000003,3263.6927,3283.2479,3329.575,3367.3135,3286.537,3330.2944
2023-03-09,3285.9427,3289.06,3259.9999000000003,3276.0937,3290.065,3327.1685,3247.6912,3290.7314
2023-03-10,3255.5120999999995,3262.147,3229.4959,3230.0766,3261.3147,3297.986,3219.4539,3261.975
2023-03-13,3228.1239000000005,3268.6954999999994,3228.1238999999996,3268.6955000000003,3235.616,3271.9143,3194.2268,3236.2842
2023-03-14,3261.9219,3262.0024999999996,3216.9927,3245.3123,3245.1448,3281.636,3203.635,3245.8674
2023-03-15,3261.0284,3273.1232,3256.8566,3263.3148,3251.5999,3288.2046,3209.9917,3252.3418
2023-03-16,3244.4699,3257.433,3224.7223,3226.8912,3262.7761,3299.5562,3220.9758,3263.5283
2023-03-17,3245.2603999999997,3279.9228000000003,3240.157,3250.546,3254.855,3291.4973,3213.1775,3255.586
2023-03-20,3253.9302,3267.9930999999997,3231.6459,3234.9103,3262.5945,3299.3625,3220.7883,3263.337
2023-03-21,3240.8388,3255.9996999999994,3237.8934,3255.6505,3269.4253,3306.2993,3227.5002,3270.1726
2023-03-22,3263.4129,3279.3938000000003,3255.7394,3265.7475000000004,3259.4807,3296.1855,3217.7131,3260.2056
2023-03-23,3258.7791,3286.6491000000005,3252.9917,3286.6491000000005,3252.341,3288.931,3210.6938,3253.056
2023-03-24,3282.739,3282.739,3260.8444,3265.6537,3260.5762,3297.3054,3218.798,3261.3098
2023-03-27,3261.8235,3261.8235,3229.7037000000005,3251.3971000000006,3265.9353,3302.7505,3224.0667,3266.6753
2023-03-28,3256.6023000000005,3264.0978,3241.7368,3245.376,3264.8281,3301.6252,3222.9773,3265.5662
2023-03-29,3253.6212,3254.5563999999995,3229.5847999999996,3240.0568,3252.953,3289.5588,3211.3013,3253.674
2023-03-30,3243.0682999999995,3263.7379,3220.9846,3261.2485,3241.9849,3278.4226,3200.5254,3242.7002
2023-03-31,3263.4061,3278.4231,3260.0395999999996,3272.8602,3244.8596,3281.3567,3203.3647,3245.5928
2023-04-03,3277.3399999999997,3299.7321,3276.4158,3296.396,3252.738,3289.3618,3211.1118,3253.4822
2023-04-04,3297.183,3312.5614999999993,3290.9925,3312.5578,3284.8044,3321.9392,3242.635,3285.587
2023-04-06,3302.751,3314.5261999999993,3296.055,3312.6280000000006,3318.1821,3355.8254,3275.424,3318.9797
2023-04-07,3312.4813,3328.8454999999994,3308.061,3327.6457,3320.1953,3357.8293,3277.3616,3320.9514
2023-04-10,3331.5051000000003,3332.7152,3309.9171,3315.3577999999998,3310.8213,3348.2815,3268.1228,3311.5408
2023-04-11,3317.0771,3317.4483999999998,3298.2498,3313.5705,3312.4065,3349.8926,3269.6814,3313.128
2023-04-12,3316.8623000000002,3330.7079,3315.3990999999996,3327.1816,3311.6638,3349.14,3268.953,3312.386
2023-04-13,3321.2733,3334.4696999999996,3309.2515000000003,3318.3638,3322.6704,3360.324,3279.775,3323.408
2023-04-14,3326.3704,3340.0764,3316.8101,3338.1525,3327.8325,3365.5608,3284.8418,3328.5684
2023-04-17,3337.0605,3385.6095,3336.3881,3385.6094999999996,3335.5134,3373.3542,3292.3838,3336.2488
2023-04-18,3379.2267,3396.1744999999996,3375.7803,3393.3312,3371.48,3409.8867,3327.734,3372.2502
2023-04-19,3391.3549,3394.959,3364.6418999999996,3370.1282999999994,3387.049,3425.667,3343.0032,3387.7993
2023-04-20,3367.0525,3371.3679,3344.016,3367.031,3381.8457,3420.3513,3337.8586,3382.5586
2023-04-21,3363.9987000000006,3367.6093,3301.2575,3301.2575,3373.3997,3411.7642,3329.5486,3374.0955
2023-04-24,3300.8125000000005,3303.0908,3264.9349,3275.413,3350.7927,3388.804,3307.3308,3351.4675
2023-04-25,3276.403,3288.5685,3229.4461,3264.8716999999997,3316.6943,3354.1836,3273.8306,3317.3508
2023-04-26,3255.2170999999994,3277.9796999999994,3239.9893000000006,3264.1006000000007,3294.2473,3331.4148,3251.7998,3294.9158
2023-04-27,3256.2278,3299.301,3253.1117,3285.8844,3278.5728,3315.5205,3236.4207,3279.2544
2023-04-28,3283.1224,3324.8808000000004,3283.1224,3323.2746,3277.9531,3314.9126,3235.834,3278.6572
2023-05-04,3306.4827,3352.7462999999993,3302.0275,3350.4587,3309.5989,3347.0747,3266.9568,3310.3545
2023-05-05,3350.6538,3364.1416999999997,3321.1872,3334.5028,3359.4004,3397.6558,3315.9001,3360.2002
2023-05-08,3340.9904,3400.1766000000002,3340.9904,3395.0036000000005,3372.5017,3410.916,3328.73,3373.2642
2023-05-09,3402.3938,3418.9533999999994,3356.1183,3357.6706999999997,3413.8992,3452.9465,3369.3994,3414.6829
2023-05-10,3347.7015,3349.7213,3305.2506,3319.1506,3431.5413,3470.8257,3386.6985,3432.2986
2023-05-11,3323.6583,3333.2496000000006,3307.2886999999996,3309.5512,3386.3606,3424.8884,3342.246,3387.025
2023-05-12,3304.4582000000005,3319.1307000000006,3271.4311000000002,3272.3619,3324.5632,3362.119,3281.508,3325.1672
2023-05-15,3269.8781,3310.7367,3235.8679,3310.7367,3275.8123,3312.645,3233.637,3276.4146
2023-05-16,3310.1607,3317.9012000000002,3282.4918,3290.9874,3280.6511,3317.632,3238.4644,3281.3345
2023-05-17,3281.9664,3298.5190000000002,3269.8936000000003,3284.2320000000004,3279.9326,3316.9246,3237.7815,3280.6396
2023-05-18,3288.4112,3313.8622,3284.1679,3297.3199,3271.9385,3308.8096,3229.93,3272.6436
2023-05-19,3288.8911,3302.3424,3268.2242,3283.5417,3281.1487,3318.1753,3238.9932,3281.874
2023-05-22,3278.5960000000005,3308.5325,3276.5398,3296.4696,3279.395,3316.3887,3237.264,3280.113
2023-05-23,3294.7877,3298.2257,3246.238,3246.238,3280.7893,3317.8035,3238.6333,3281.5078
2023-05-24,3237.7045,3237.7044999999994,3204.3812999999996,3204.7494000000006,3263.3435,3300.079,3221.482,3264.0405
2023-05-25,3197.3644,3207.021,3168.5716,3201.2605000000003,3235.967,3272.2834,3194.5852,3236.6487
2023-05-26,3198.8825,3220.7737,3179.8217,3212.5038,3213.4832,3249.4702,3172.5103,3214.1692
2023-05-29,3219.7553,3230.9706,3208.955,3221.4484,3202.218,3238.0532,3161.4636,3202.9204
2023-05-30,3214.6728,3230.6317000000004,3186.6256,3224.2132999999994,3211.5554,3247.561,3170.6648,3212.2917
2023-05-31,3214.6551,3216.3597,3190.2736000000004,3204.5644,3221.09,3257.2517,3180.0422,3221.8423
2023-06-01,3196.1547,3225.093,3189.5174,3204.6345,3215.309,3251.3723,3174.3523,3216.047
2023-06-02,3212.4489,3233.9916,3211.737,3230.0686,3212.8262,3248.8525,3171.914,3213.564
2023-06-05,3231.8108,3244.1800999999996,3221.6254,3232.441,3218.9963,3255.1233,3177.9817,3219.7441
2023-06-06,3228.4068,3247.349,3189.2691999999997,3195.3404,3220.9143,3257.0667,3179.8623,3221.6587
2023-06-07,3197.4676999999997,3210.3294999999994,3188.0053,3197.7587,3213.2178,3249.2478,3172.2964,3213.9531
2023-06-08,3194.8348,3225.5262999999995,3180.5354,3213.5855,3198.0176,3233.8113,3157.3594,3198.7407
2023-06-09,3213.0330000000004,3231.4054999999994,3206.1027,3231.4055,3200.8633,3236.7192,3160.1733,3201.6074
2023-06-12,3225.3049,3239.4368,3210.7135,3228.8336,3217.9192,3254.054,3176.9473,3218.6912
2023-06-13,3223.8957999999993,3235.0854,3215.4988999999996,3233.6734,3228.0508,3264.3372,3186.8975,3228.8242
2023-06-14,3238.1189000000004,3248.4609,3226.7743000000005,3228.9886999999994,3226.3267,3262.5713,3185.1882,3227.0828
2023-06-15,3230.4512,3252.9751000000006,3229.1452000000004,3252.9751,3227.535,3263.7942,3186.3718,3228.288
2023-06-16,3256.2989,3276.5522,3255.4988,3273.3341,3240.2312,3276.6921,3198.8518,3240.9985
2023-06-19,3271.1635,3271.1635,3251.7788999999993,3255.8057,3260.5613,3297.3364,3218.8281,3261.3425
2023-06-20,3252.5435,3252.8435,3237.7857,3240.3648,3265.1792,3302.0078,3223.3472,3265.9443
2023-06-21,3230.1142,3236.3626000000004,3197.9011,3197.9011,3251.1382,3287.7295,3209.5305,3251.8723
2023-06-26,3177.2293,3181.0758000000005,3144.2483999999995,3150.6189000000004,3220.9536,3257.0684,3179.861,3221.656
2023-06-27,3153.3132,3194.4085999999998,3148.2657,3189.4427000000005,3183.041,3218.5793,3142.6172,3183.7273
2023-06-28,3183.4865,3192.6589,3157.1229,3189.3758,3174.747,3210.1943,3134.5054,3175.4678
2023-06-29,3185.4242,3196.5024999999996,3179.5251000000003,3182.3812,3172.2705,3207.7007,3132.0935,3173.0122
2023-06-30,3178.9242,3212.9928,3177.9913,3202.0623,3168.2263,3203.6,3128.1265,3168.9727
2023-07-03,3209.1623,3246.8605,3209.1623,3243.9749999999995,3178.9102,3214.4626,3138.638,3179.678
2023-07-04,3241.2304999999997,3246.9576,3233.9894999999997,3245.3491999999997,3216.3582,3252.5066,3175.4517,3217.1702
2023-07-05,3240.0486,3241.8353000000006,3218.6022,3222.9469,3234.0542,3270.4524,3192.816,3234.8528
2023-07-06,3215.8633,3229.4799,3199.7164,3205.5748000000003,3226.385,3262.6316,3185.247,3227.143
2023-07-07,3197.4716000000003,3212.0472,3189.2114,3196.6091999999994,3206.3008,3242.22,3165.4954,3207.0269
2023-07-10,3208.7349,3216.5348,3192.6579,3203.6957999999995,3191.6042,3227.304,3151.0615,3192.3281
2023-07-11,3211.1222,3221.6804,3200.3845,3221.3666,3186.5295,3222.1663,3146.0906,3187.266
2023-07-12,3220.3758000000003,3224.3312000000005,3193.4365999999995,3196.1337,3191.945,3227.6787,3151.4255,3192.7002
2023-07-13,3202.6992000000005,3238.4675000000007,3202.6992,3236.48,3197.1558,3232.9763,3156.5515,3197.9204
2023-07-14,3240.9695,3248.3849,3233.9985000000006,3237.7012,3218.4346,3254.594,3177.4697,3219.2246
2023-07-17,3219.0162,3219.0162,3195.8861999999995,3209.6298,3231.3306,3267.6748,3190.127,3232.1143
2023-07-18,3206.786,3210.2482,3190.0049,3197.8201,3215.8203,3251.8967,3174.8586,3216.5632
2023-07-19,3195.0085,3204.3612000000003,3181.5611,3198.8358,3194.5713,3230.311,3153.9712,3195.2915
2023-07-20,3201.9110999999994,3209.0553999999997,3165.6738999999993,3169.5219999999995,3179.2134,3214.7256,3138.8909,3179.9333
2023-07-21,3163.421,3185.6357,3157.3335,3167.7452,3167.8816,3203.2354,3127.7722,3168.611
2023-07-24,3157.4694000000004,3178.7335,3151.1252,3164.1608,3160.3403,3195.593,3120.378,3161.0815
2023-07-25,3201.4575000000004,3231.7486,3201.4575,3231.5212999999994,3153.2395,3188.3918,3113.4102,3153.9858
2023-07-26,3228.0873,3229.8920999999996,3212.8801,3223.0279,3208.763,3244.82,3168.0132,3209.5964
2023-07-27,3225.4763000000003,3245.6028000000006,3210.4699,3216.6709,3234.958,3271.395,3193.7278,3235.7832
2023-07-28,3206.741,3280.2776999999996,3200.9939,3275.9256999999993,3240.5176,3277.0046,3199.1543,3241.308
2023-07-31,3287.2089000000005,3322.1291,3281.0133,3291.0398,3273.9336,3310.9382,3231.989,3274.748
2023-08-01,3288.7604,3305.3402,3279.5656000000004,3290.9493,3313.5447,3351.1494,3270.8982,3314.3728
2023-08-02,3281.8583,3290.8203,3252.3036,3261.6903,3330.039,3367.8618,3287.068,3330.839
2023-08-03,3254.5651,3280.8636,3247.2719,3280.4626,3304.6646,3342.0469,3262.0872,3305.3955
2023-08-04,3296.0944,3315.0492,3281.7343000000005,3288.0842000000002,3283.1719,3320.2148,3240.962,3283.8809
2023-08-07,3276.7756,3276.7756,3258.5372,3268.8311,3298.309,3335.6157,3255.8652,3299.0598
2023-08-08,3260.7218,3274.5186,3246.6745,3260.6196000000004,3281.2756,3318.305,3239.1143,3281.9995
2023-08-09,3251.1521,3257.0815999999995,3240.2888,3244.4866999999995,3254.8728,3291.4866,3213.1648,3255.5713
2023-08-10,3242.2057,3257.0298,3234.1158000000005,3254.5597,3226.8875,3263.0742,3185.6729,3227.5732
2023-08-11,3254.4751,3254.4751,3189.248,3189.248,3224.5627,3260.7446,3183.42,3225.2803
2023-08-14,3159.7137999999995,3180.5067,3141.6551,3178.4272,3215.746,3251.808,3174.7727,3216.474
2023-08-15,3180.5579,3186.2340000000004,3147.3459,3176.1758,3195.6333,3231.3918,3155.0168,3196.3555
2023-08-16,3164.7019,3176.626,3149.7226000000005,3150.1277,3176.4448,3211.9148,3136.171,3177.163
2023-08-17,3137.3514,3167.4457,3123.2495,3163.7393000000006,3158.6877,3193.8945,3118.7344,3159.4065
2023-08-18,3165.0997999999995,3179.1159,3131.953,3131.953,3156.7625,3191.963,3116.866,3157.505
2023-08-21,3125.9897,3134.9570999999996,3092.9777,3092.9777,3148.52,3183.6006,3108.7747,3149.265
2023-08-22,3103.7807,3126.7838,3074.5307,3120.3337999999994,3120.6858,3155.3335,3081.422,3121.409
2023-08-23,3116.2661,3116.3765,3077.6056,3078.4021,3120.3398,3155.012,3081.111,3121.0942
2023-08-24,3085.9107,3106.1824,3072.9511,3082.2439000000004,3099.4392,3133.7876,3060.5737,3100.1785
2023-08-25,3068.615,3085.047,3053.0373,3064.0747,3092.9653,3127.233,3054.232,3093.7207
2023-08-28,3219.0432,3219.0432,3089.1194,3098.6363,3079.8594,3113.9336,3041.363,3080.6155
2023-08-29,3091.9379,3145.7609999999995,3090.4377,3135.8867,3142.0486,3177.1492,3102.534,3142.9153
2023-08-30,3144.4067,3153.689,3126.9024,3137.1375,3170.2756,3205.7883,3130.245,3171.1355
2023-08-31,3134.5529,3139.9801,3113.9459,3119.8764,3161.194,3196.5134,3121.2693,3161.9917
2023-09-01,3126.0234,3143.8457,3123.1896,3133.2467,3130.5857,3165.3987,3091.1606,3131.3274
2023-09-04,3145.9435,3177.0603,3143.3793,3177.0603,3113.8428,3148.4065,3074.7185,3114.583
2023-09-05,3169.7384000000006,3169.7384,3150.0753000000004,3154.3693,3144.7703,3179.8577,3105.1533,3145.5798
2023-09-06,3147.1363000000006,3162.1547,3136.8998,3158.0769,3147.7405,3182.8638,3108.0618,3148.5408
2023-09-07,3152.2028,3152.2662,3120.8229,3122.3523,3141.1484,3176.1582,3101.5728,3141.932
2023-09-08,3114.2296,3126.0412000000006,3104.6743,3116.7191,3123.1963,3157.9207,3083.9246,3123.959
2023-09-11,3119.6100999999994,3155.1025999999997,3113.8164,3142.779,3102.8945,3137.308,3063.9795,3103.6467
2023-09-12,3140.3409,3147.5141,3134.3176000000003,3137.0592999999994,3117.6821,3152.3582,3078.543,3118.4802
2023-09-13,3137.7718000000004,3143.7577,3106.9693,3123.0669,3120.8608,3155.584,3081.6648,3121.6594
2023-09-14,3124.8482,3135.025,3111.8588,3126.5511,3118.0686,3152.7444,3078.9167,3118.8606
2023-09-15,3133.5883,3141.9642,3107.448,3117.7434,3120.3105,3155.0237,3081.1223,3121.1072
2023-09-18,3110.4404,3128.7008999999994,3098.496,3125.9319,3124.8655,3159.6514,3085.6,3125.6677
2023-09-19,3123.9862000000003,3131.1298,3113.5254,3124.9566999999997,3121.1953,3155.9172,3081.9868,3121.9875
2023-09-20,3118.6670999999997,3122.1277,3108.1578000000004,3108.5679,3115.5308,3150.1602,3076.4158,3116.3142
2023-09-21,3103.1754000000005,3113.4939,3084.701,3084.701,3100.7688,3135.1638,3061.905,3101.5356
2023-09-22,3084.7567,3132.5578,3078.8007000000002,3132.4316,3083.1543,3117.2812,3044.601,3083.9138
2023-09-25,3131.2079,3131.2079,3112.1505,3115.6071000000006,3105.1042,3139.6072,3066.2053,3105.917
2023-09-26,3114.0213999999996,3120.2889000000005,3102.2726,3102.2725999999993,3111.7686,3146.3694,3072.749,3112.5806
2023-09-27,3104.0394999999994,3125.4469999999997,3103.8441,3107.3155999999994,3100.3145,3134.7207,3061.4766,3101.1
2023-09-28,3117.7549,3121.8352,3105.9397,3110.4753,3096.979,3131.3352,3058.2007,3097.764
2023-10-09,3099.9998,3103.3597,3072.6418,3096.9224,3097.9644,3132.3408,3059.1738,3098.7556
2023-10-10,3104.3651,3109.9822,3073.1864,3075.2361,3096.1658,3130.5183,3057.4104,3096.96
2023-10-11,3085.6989000000003,3095.6594,3071.936,3078.9556,3086.2964,3120.495,3047.7112,3087.0823
2023-10-12,3101.7051,3109.9898,3092.1771,3107.9007,3081.5554,3115.6875,3043.0593,3082.345
2023-10-13,3091.9971999999993,3094.9153,3080.5481,3088.0991,3094.9355,3129.289,3056.2212,3095.75
2023-10-16,3091.0647,3091.1257,3063.6855999999993,3073.8129999999996,3089.1118,3123.3635,3050.487,3089.9097
2023-10-17,3076.4283000000005,3084.0725,3064.8897000000006,3083.4964,3078.6562,3112.7424,3040.2092,3079.4426
2023-10-18,3076.5796,3076.5796000000005,3057.0588,3058.7098,3074.5764,3108.6062,3036.2075,3075.3674
2023-10-19,3043.1954999999994,3043.1954999999994,3004.7745,3005.3934,3064.816,3098.698,3026.6194,3065.6033
2023-10-20,2995.3575,3006.2746,2977.1730999999995,2983.0585,3042.179,3075.7148,3004.3794,3042.9546
2023-10-23,2969.7857999999997,2973.6611,2923.5112999999997,2939.2913,3009.7405,3042.7808,2972.511,3010.5005
2023-10-24,2944.3105,2964.7605,2929.0883,2962.2437,2971.016,3003.4727,2934.4746,2971.7656
2023-10-25,2986.4065999999993,2993.2950999999994,2972.4177,2974.1135000000004,2965.922,2998.3438,2929.5134,2966.7156
2023-10-26,2960.1038,2990.3277,2956.0059999999994,2988.2992,2981.289,3013.9814,2944.6465,2982.1282
2023-10-27,2978.4026000000003,3029.2101,2974.8802,3017.7842,2986.6033,3019.377,2949.868,2987.4456
2023-10-30,3009.6104,3028.2641000000003,3002.3477,3021.5534,3004.6208,3037.679,2967.5776,3005.481
2023-10-31,3019.646,3023.0014,3006.6088000000004,3018.7706,3024.7927,3058.1611,2987.397,3025.6646
2023-11-01,3038.1821,3038.3303,3013.9329999999995,3023.0765,3025.4924,3058.8508,2988.0632,3026.3416
2023-11-02,3028.6647,3038.6422,3009.1209999999996,3009.4058,3016.9644,3050.173,2979.666,3017.789
2023-11-03,3012.4654,3040.9807,3012.4653999999996,3030.7977,3003.8286,3036.8289,2966.7534,3004.6387
2023-11-06,3047.1301,3058.9891,3037.6941,3058.4105,3007.2034,3040.2705,2970.084,3008.031
2023-11-07,3052.9202,3064.5771,3042.4689,3057.2697,3046.7505,3080.4622,3008.9758,3047.6401
2023-11-08,3051.1531,3062.991,3037.2888,3052.3726000000006,3063.3242,3097.275,3025.2434,3064.2058
2023-11-09,3047.6532,3063.4674,3045.8336000000004,3053.2792000000004,3064.65,3098.596,3026.5208,3065.5056
2023-11-10,3043.5585,3044.0007,3027.0878,3038.9699,3057.607,3091.4246,3019.581,3058.4375
2023-11-13,3044.0319,3048.6209,3028.1679999999997,3046.5329,3037.974,3071.474,3000.2754,3038.7766
2023-11-14,3046.8171000000007,3059.5294,3044.4259,3056.0703,3031.49,3064.901,2993.9155,3032.3003
2023-11-15,3077.0291000000007,3080.1284,3064.3463999999994,3072.8348000000005,3038.1985,3071.7297,3000.5242,3039.031
2023-11-16,3066.8554,3071.4522,3050.9257,3050.9257,3057.3472,3091.1858,3019.351,3058.2048
2023-11-17,3043.617,3055.8560999999995,3033.7472,3054.3654999999994,3053.4397,3087.1992,3015.4934,3054.2747
2023-11-20,3056.9268,3072.5134,3043.5148,3068.3191,3046.6138,3080.259,3008.7773,3047.4348
2023-11-21,3074.8281,3089.7738,3063.3449,3067.9328,3052.7876,3086.535,3014.85,3053.62
2023-11-22,3060.4984,3067.9624999999996,3043.6109999999994,3043.611,3069.8066,3103.8257,3031.5818,3070.66
2023-11-23,3041.6779,3062.8665,3034.2969,3061.8562,3060.7786,3094.6384,3022.691,3061.6047
2023-11-24,3060.3306,3060.3306,3037.2012,3040.9717,3054.0686,3087.8188,3016.092,3054.8843
2023-11-27,3038.1863999999996,3038.3578,3015.0076,3031.7002,3044.2363,3077.833,3006.4292,3045.0437
2023-11-28,3028.5983,3039.6945,3020.2306000000003,3038.5545,3038.883,3072.4065,3001.1785,3039.6968
2023-11-29,3038.4641000000006,3038.9767,3017.6611,3021.6874,3031.3425,3064.752,2993.7717,3032.154
2023-11-30,3021.1025,3030.9086,3013.7678,3029.6726999999996,3022.4495,3055.7244,2985.0366,3023.2583
2023-12-01,3027.353,3035.7599,3010.2333,3031.6358,3022.6028,3055.891,2985.1985,3023.4233
2023-12-04,3033.298,3038.9794,3022.3477,3022.9138,3025.323,3058.6594,2987.8774,3026.1523
2023-12-05,3017.0102,3017.0101999999997,2972.2959,2972.2959,3025.612,3058.9531,2988.1619,3026.4417
2023-12-06,2966.9475,2985.3143,2959.6029999999996,2968.9334,3004.0806,3037.0789,2966.9946,3004.8845
2023-12-07,2965.6523,2976.0148,2949.1437999999994,2966.2061,2986.538,3019.2737,2949.7654,2987.339
2023-12-08,2965.3900999999996,2980.8344,2962.327,2969.5594,2974.7285,3007.2954,2938.1753,2975.5364
2023-12-11,2956.2905,2995.6698,2930.422,2991.4385,2985.7178,3018.4834,2949.0015,2986.5637
2023-12-12,2986.3281999999995,3003.7455,2980.4462,3003.4378,2998.4292,3031.4016,2961.502,2999.2944
2023-12-13,2997.3358,2997.3358000000003,2968.7606,2968.7606,2994.8413,3027.7402,2957.9592,2995.6853
2023-12-14,2979.699,2986.1773000000003,2958.066,2958.9856,2974.4983,3007.0657,2937.9534,2975.3108
2023-12-15,2966.3014999999996,2976.3094,2940.0266,2942.5568,2958.4033,2990.7275,2922.144,2959.211
2023-12-18,2936.5751,2951.1478999999995,2924.3254,2930.8035999999997,2949.2896,2981.4902,2913.206,2950.1091
2023-12-19,2928.7631000000006,2940.5014,2914.1253,2932.3907999999997,2941.6145,2973.7117,2905.6794,2942.4448
2023-12-20,2932.1185999999993,2937.1011,2902.0395,2902.1096,2932.237,2964.1975,2896.473,2933.0698
2023-12-21,2892.0201,2924.2562,2882.0195,2918.7149,2914.7935,2946.4863,2879.3347,2915.6172
2023-12-22,2919.2879,2935.7002,2906.5094,2914.7752,2913.1768,2944.865,2877.766,2914.0208
2023-12-25,2909.8751,2920.6323,2903.987,2918.8126,2917.559,2949.3286,2882.086,2918.421
2023-12-26,2917.9708000000005,2917.9708,2892.8373000000006,2898.8787,2908.7744,2940.401,2873.4473,2909.6228
2023-12-27,2900.1491,2917.9564000000005,2890.165,2914.6138,2893.1697,2924.551,2858.11,2894.0034
2023-12-28,2913.1096,2961.6476,2909.3886000000007,2954.7035,2895.864,2927.306,2860.7766,2896.7195
2023-12-29,2950.8372,2975.0319,2950.0173000000004,2974.9348,2936.5254,2968.633,2900.7673,2937.447
2024-01-02,2972.775,2976.2682,2962.2762,2962.2762,2963.0652,2995.5715,2926.8335,2963.9917
2024-01-03,2957.1117,2971.2834,2953.2901,2967.2472,2970.1372,3002.7236,2933.7532,2971.037
2024-01-04,2965.5087,2966.6828,2936.6347,2954.3486000000003,2966.4907,2998.9973,2930.1462,2967.363
2024-01-05,2949.8221,2967.9677,2916.7206000000006,2929.1833,2951.2852,2983.5408,2915.1892,2952.1306
2024-01-08,2923.457,2924.4559,2887.5379,2887.5379,2939.1802,2971.2546,2903.3,2940.023
2024-01-09,2887.1095,2900.7266,2878.4122999999995,2893.2513,2910.313,2941.9407,2874.934,2911.1357
2024-01-10,2886.9807,2903.1621,2870.4155,2877.7023,2893.4133,2924.7974,2858.3462,2894.244
2024-01-11,2873.7982000000006,2896.1788,2867.7223,2886.6501999999996,2876.7905,2907.9302,2842.0256,2877.624
2024-01-12,2880.0399,2904.1743,2878.8751999999995,2881.9769,2877.6997,2908.8774,2842.9434,2878.5603
2024-01-15,2872.5562,2904.4643,2869.2236,2886.2908,2879.8474,2911.0686,2845.0645,2880.7207
2024-01-16,2881.5602,2896.683,2861.1302,2893.9885999999997,2879.7395,2910.9607,2844.9602,2880.6147
2024-01-17,2887.2917,2887.4893,2833.6152,2833.6152,2888.488,2919.854,2853.5657,2889.3787
2024-01-18,2822.6672,2849.2559,2760.978,2845.7839,2864.5442,2895.522,2830.0198,2865.3992
2024-01-19,2836.9749,2849.8755,2822.8434,2832.2793,2870.1294,2901.2249,2835.5378,2871.0205
2024-01-22,2826.5034,2828.3202,2735.3721,2756.3399,2848.1855,2878.9277,2813.962,2849.0479
2024-01-23,2746.8923,2784.8407,2724.1573,2770.9763,2812.4138,2842.6035,2778.8123,2813.2524
2024-01-24,2782.1415,2823.6953,2743.3971,2820.7719,2788.4216,2818.26,2755.257,2789.266
2024-01-25,2823.8259,2906.794,2821.7093,2906.1087,2809.156,2839.3623,2775.6787,2810.0654
2024-01-26,2897.9149,2924.3065,2890.4819000000007,2910.2227,2880.0056,2911.3542,2845.3433,2881.0117
2024-01-29,2910.6072,2923.8992,2883.3327,2883.356,2922.195,2954.1667,2886.7698,2923.1973
2024-01-30,2866.2795,2881.3468,2829.2498,2830.5266,2924.0706,2956.016,2888.557,2925.0142
2024-01-31,2815.5042,2834.011,2782.5869,2788.5482,2875.2551,2906.3875,2840.5315,2876.1035
2024-02-01,2773.4239,2805.0146,2752.7824,2770.7403,2828.8477,2859.2627,2794.9307,2829.6655
2024-02-02,2773.2949,2791.6756,2666.3335,2730.152,2793.3286,2823.2214,2760.056,2794.1519
2024-02-05,2716.081,2739.7383,2635.0897,2702.185,2772.8782,2802.5002,2740.006,2773.7363
2024-02-06,2680.4846,2802.9312,2669.6732,2789.486,2760.8784,2790.357,2728.256,2761.7732
2024-02-07,2791.5145,2829.6956,2770.5293,2829.6956,2797.2708,2827.3623,2764.0664,2798.2437
2024-02-08,2832.4855,2867.4738,2827.902,2865.9032,2847.3206,2878.1978,2813.2583,2848.3396
2024-02-19,2886.5871,2910.544,2867.7103,2910.5439999999994,2886.8025,2918.263,2852.027,2887.8186
2024-02-20,2902.8765,2927.308,2887.4741000000004,2922.7302,2908.3362,2940.0828,2873.1396,2909.3171
2024-02-21,2906.0243,2994.6149,2898.0496,2950.9556,2897.5925,2929.1162,2862.527,2898.5056
2024-02-22,2945.4465,2988.3578,2944.4988,2988.3577999999998,2921.9539,2953.863,2886.4734,2922.8918
2024-02-23,2992.9115,3009.1359,2979.9728,3004.881,2944.2942,2976.541,2908.4175,2945.238
2024-02-26,3002.1179,3009.4789999999994,2967.0571,2977.0221,2972.9343,3005.6165,2936.5518,2973.889
2024-02-27,2966.4165999999996,3015.4807,2961.1479,3015.4807,2987.1223,3020.0046,2950.473,2988.065
2024-02-28,3016.2555,3031.4881,2957.8523999999998,2957.8524,3001.168,3034.25,2964.2566,3002.1016
2024-02-29,2943.6242,3015.1712,2943.6242,3015.1712,3020.1829,3053.5554,2982.9358,3021.1245
2024-03-01,3013.8229,3032.2315,3003.7632,3027.0204000000003,3024.3513,3057.7625,2987.006,3025.269
2024-03-04,3026.6071,3040.3447,3007.6828999999993,3039.3055,3019.0793,3052.3784,2981.7966,3019.9626
2024-03-05,3027.1028,3052.5412999999994,3022.1776999999997,3047.7930999999994,3023.1375,3056.492,2985.7776,3024.0164
2024-03-06,3041.7518,3060.5628999999994,3034.3535999999995,3039.9309,3032.861,3066.364,2995.3308,3033.745
2024-03-07,3040.2111,3063.6924,3023.1177,3027.4013,3031.9368,3065.4114,2994.4092,3032.8054
2024-03-08,3026.1654,3049.194,3016.9032000000007,3046.0192,3035.68,3069.211,2998.0854,3036.549
2024-03-11,3042.6188000000006,3068.4553999999994,3035.4450999999995,3068.4554,3034.8066,3068.3154,2997.219,3035.6665
2024-03-12,3068.182,3075.1308,3044.8572,3055.935,3051.7344,3085.51,3013.8577,3052.6113
2024-03-13,3053.3413,3061.951,3031.8985,3043.8346,3071.8308,3105.9153,3033.6028,3072.7195
2024-03-14,3042.4131000000007,3059.9975,3020.637,3038.2339,3066.9163,3100.899,3028.7478,3067.7744
2024-03-15,3031.5229,3056.4473,3023.2152000000006,3054.6359000000007,3055.618,3089.4092,3017.6296,3056.451
2024-03-18,3057.2093,3085.3124000000003,3055.9221000000002,3084.9262,3052.7532,3086.5002,3014.815,3053.5847
2024-03-19,3077.9805,3090.0459,3062.6279000000004,3062.7558,3076.386,3110.5156,3038.054,3077.252
2024-03-20,3058.6478,3081.7547,3056.6450000000004,3079.6859,3081.1206,3115.3079,3042.6907,3081.9731
2024-03-21,3084.4116,3090.0513,3069.272,3077.1130000000003,3079.4275,3113.5732,3041.0125,3080.2634
2024-03-22,3070.5481,3073.2057999999997,3027.7615000000005,3048.0336000000007,3080.2783,3114.432,3041.8435,3081.109
2024-03-25,3040.5010000000007,3065.2611,3026.3055,3026.3054999999995,3073.848,3107.8987,3035.5212,3074.6704
2024-03-26,3026.9217999999996,3036.4939000000004,3006.2597,3031.4809,3060.0576,3093.8928,3021.9683,3060.8682
2024-03-27,3026.8138,3030.4495,2993.1388,2993.1388,3042.5354,3076.1006,3004.752,3043.3352
2024-03-28,2988.5899,3033.3666,2984.1201,3010.6635999999994,3016.5388,3049.7039,2979.2092,3017.3228
2024-03-29,3008.3757000000005,3041.2978,3008.1672,3041.1668999999997,3012.7864,3045.919,2975.5483,3013.5957
2024-04-01,3049.0207,3078.4883,3049.0206999999996,3077.3785999999996,3024.2603,3057.5894,2986.8423,3025.0981
2024-04-02,3076.8751999999995,3085.5365000000006,3063.9808,3074.9586000000004,3058.952,3092.8347,3020.948,3059.8315
2024-04-03,3074.8929,3079.02,3057.3971999999994,3069.2959,3079.2288,3113.4084,3040.8555,3080.1045
2024-04-08,3057.3255,3077.3512,3045.4692,3047.0526000000004,3083.0107,3117.2227,3044.5452,3083.8608
2024-04-09,3044.6136,3051.5851,3033.2088999999996,3048.5369000000005,3079.0815,3113.2183,3040.6692,3079.9128
2024-04-10,3045.9609,3049.6072000000004,3013.5897,3027.3349,3059.9211,3093.7456,3021.8262,3060.7227
2024-04-11,3013.5727,3050.3372,3009.8971999999994,3034.2464,3040.1204,3073.6406,3002.3716,3040.9106
2024-04-12,3035.5773,3043.5599000000007,3014.8297,3019.4735,3032.3174,3065.7344,2994.722,3033.1208
2024-04-15,3013.6722000000004,3066.9412,2995.542,3057.3776,3025.569,3058.8943,2988.1038,3026.381
2024-04-16,3043.5505,3052.4346,3005.34,3007.0681,3063.1846,3097.1335,3025.106,3064.0664
2024-04-17,3008.0614,3071.3806,3002.0564,3071.3805999999995,3066.0164,3099.9902,3027.8691,3066.88
2024-04-18,3060.0308999999997,3102.5527,3057.7606000000005,3074.2246,3077.112,3111.2485,3038.7637,3077.9739
2024-04-19,3060.2989,3080.3227,3055.0576999999994,3065.261,3083.1692,3117.3816,3044.698,3084.0166
2024-04-22,3059.0649,3078.4226,3042.542,3044.5952,3073.1292,3107.1655,3034.8123,3073.9482
2024-04-23,3038.6118,3044.9438,3016.5168999999996,3021.9775,3054.5728,3088.3145,3016.5706,3055.37
2024-04-24,3029.4027999999994,3045.6398,3019.1239000000005,3044.8223,3029.2383,3062.59,2991.6787,3030.0205
2024-04-25,3037.9273,3060.2635,3034.6499,3052.9,3023.3198,3056.6023,2985.886,3024.122
2024-04-26,3054.9793000000004,3092.4300000000003,3054.9792999999995,3088.6357,3027.3955,3060.7573,2989.9075,3028.2183
2024-04-29,3086.6819,3119.6857,3080.5858,3113.0432,3080.033,3114.2502,3041.6702,3080.9353
2024-04-30,3110.1594000000005,3123.2876,3104.2942999999996,3104.8244999999997,3139.963,3175.1091,3100.559,3140.9082
2024-05-06,3132.5115000000005,3142.3816000000006,3126.7689,3140.7204,3151.5518,3186.8162,3111.8853,3152.44
2024-05-07,3139.6637,3151.219,3133.6904,3147.738,3161.6384,3197.0203,3121.7578,3162.4932
2024-05-08,3141.4874,3144.9856,3126.1729,3128.4798,3149.6206,3184.777,3109.9104,3150.4253
2024-05-09,3128.1644,3158.4646,3128.1644,3154.3201,3123.0212,3157.7458,3083.7537,3123.786
2024-05-10,3158.5891000000006,3163.1441,3137.1517000000003,3154.5472,3127.1052,3161.9175,3087.7913,3127.8987
2024-05-13,3139.4753,3157.3656000000005,3126.1697,3148.0207,3144.5005,3179.6023,3104.904,3145.327
2024-05-14,3148.8488,3155.8071,3137.6091,3145.7743,3157.2593,3192.5583,3117.4407,3158.0942
2024-05-15,3141.2518,3142.9725000000003,3117.9287,3119.9021000000002,3152.546,3187.7505,3112.7878,3153.3555
2024-05-16,3127.1841,3137.8779,3116.1627,3122.401,3130.788,3165.6365,3091.3892,3131.5618
2024-05-17,3121.7126,3154.0263,3116.7842,3154.0263000000004,3129.1113,3163.9482,3089.7559,3129.8992
2024-05-20,3156.1482,3174.2658,3155.9903,3171.1451,3148.3977,3183.5527,3108.727,3149.2207
2024-05-21,3164.6826,3165.2237,3148.342,3157.9657000000007,3178.9934,3214.6274,3138.7961,3179.8435
2024-05-22,3157.1889,3166.9191,3152.457,3158.5399,3170.7434,3206.2097,3130.6501,3171.546
2024-05-23,3149.8752,3150.6282,3110.2772999999997,3116.387,3162.9102,3198.2407,3122.9387,3163.6917
2024-05-24,3110.7533,3130.4245000000005,3087.7941,3088.8705,3140.773,3175.7527,3101.178,3141.53
2024-05-27,3094.14,3125.5064,3091.9893,3124.0427,3107.8784,3142.3506,3068.8564,3108.6135
2024-05-28,3122.3877,3130.3103000000006,3106.3645,3109.5721,3106.6458,3141.1318,3067.6787,3107.4158
2024-05-29,3108.0267,3128.1364999999996,3100.9796999999994,3111.0176,3106.2744,3140.768,3067.3281,3107.0588
2024-05-30,3103.7078,3121.218,3085.3841,3091.6778,3105.4248,3139.911,3066.4988,3106.2146
2024-05-31,3094.7586999999994,3107.6035,3086.8134,3086.8133999999995,3099.682,3134.0793,3060.8562,3100.4678
2024-06-03,3085.9814,3097.2043,3061.2766,3078.4887,3090.245,3124.496,3051.5828,3091.0244
2024-06-04,3071.3196,3095.3221,3063.5879,3091.1992,3095.6604,3130.013,3056.9211,3096.462
2024-06-05,3086.0509,3092.3459,3064.7359,3065.4034,3095.176,3129.5215,3056.446,3095.978
2024-06-06,3069.4393,3077.6725,3040.8295,3048.7939,3078.1162,3112.1863,3039.6711,3078.8938
2024-06-07,3053.9153,3065.0247,3031.0443,3051.2787,3075.3853,3109.4304,3037.0042,3076.1792
2024-06-11,3042.1338000000005,3043.1997,3013.8611,3028.0451,3065.513,3099.409,3027.3071,3066.304
2024-06-12,3025.2963,3042.0423,3021.3085,3037.4674999999997,3044.5095,3078.079,3006.6675,3045.2847
2024-06-13,3038.0859,3040.4020999999993,3022.8224000000005,3028.9187,3029.9988,3063.3547,2992.4202,3030.7756
2024-06-14,3020.9588,3037.9045999999994,3011.5772999999995,3032.6332999999995,3024.9788,3058.2742,2987.505,3025.7705
2024-06-17,3017.7169000000004,3026.6242,3012.0452,3015.8907,3036.523,3070.0222,2998.873,3037.349
2024-06-18,3015.0713,3031.9758,3012.5234,3030.2464,3027.47,3060.821,2989.9697,3028.2812
2024-06-19,3029.0992999999994,3030.2259,3015.3263,3018.0491,3020.2126,3053.451,2982.838,3021.018
2024-06-20,3015.7224,3028.5143,3001.7677,3005.4369,3009.7405,3042.8164,2972.5479,3010.5388
2024-06-21,2998.2413,3011.9141,2985.9291,2998.1377000000007,3007.5757,3040.6326,2970.4346,3008.3877
2024-06-24,2982.8263,2990.6429,2960.1267,2963.0988999999995,2996.7805,3029.6736,2959.83,2997.5881
2024-06-25,2962.7654000000007,2971.6533999999997,2935.5381999999995,2949.9963,2982.7656,3015.45,2946.0662,2983.5718
2024-06-26,2943.4470999999994,2976.669,2933.3304,2972.5251,2964.5347,2996.9456,2928.1606,2965.3374
2024-06-27,2962.6964000000003,2963.0644,2944.8979000000004,2945.8524,2963.391,2995.8054,2927.0576,2964.2156
2024-06-28,2940.3032,2985.4679,2939.984,2967.4027999999994,2952.075,2984.317,2915.9417,2952.895
2024-07-01,2965.2452,2996.4086,2961.8555999999994,2994.7303000000006,2963.7808,2996.227,2927.4666,2964.6333
2024-07-02,2992.8556000000003,3004.987,2989.4701000000005,2997.0111000000006,2981.0747,3013.796,2944.4678,2981.9473
2024-07-03,2995.6642,2998.5369000000005,2978.0685999999996,2982.3756,2988.7903,3021.6187,2952.037,2989.655
2024-07-04,2984.8303,2995.5695,2955.2895,2957.567,2977.7507,3010.388,2941.1687,2978.586
2024-07-05,2954.3723,2957.1068999999998,2920.2045999999996,2949.9333,2965.176,2997.6177,2928.8113,2966.001
2024-07-08,2939.8367000000003,2947.61,2917.2322,2922.4498,2952.7568,2985.015,2916.616,2953.5823
2024-07-09,2919.5728999999997,2963.7821999999996,2904.0388999999996,2959.3724000000007,2935.911,2967.9172,2900.0713,2936.7336
2024-07-10,2949.0261,2958.8594,2935.3304,2939.3636000000006,2948.696,2980.931,2912.6648,2949.5603
2024-07-11,2957.2501999999995,2971.3608,2947.4026999999996,2970.3873999999996,2949.0354,2981.274,2912.9968,2949.899
2024-07-12,2965.6121,2977.1417,2963.3033,2971.295,2966.8198,2999.3438,2930.4824,2967.706
2024-07-15,2963.8472,2977.3126,2959.1288,2974.0107,2972.107,3004.6985,2935.6633,2972.982
2024-07-16,2963.9001,2977.3613,2959.6654999999996,2976.3043,2965.6057,2998.079,2929.2578,2966.4575
2024-07-17,2970.8081,2972.7949,2957.948,2962.8549,2958.848,2991.2112,2922.612,2959.6892
2024-07-18,2951.1434,2978.0919,2937.9045,2977.1334000000006,2956.0286,2988.3542,2919.848,2956.8743
2024-07-19,2963.5144,2986.2425000000003,2955.1198999999997,2982.3085999999994,2960.529,2992.9358,2924.2812,2961.3896
2024-07-22,2978.1931999999997,2978.6006999999995,2946.5608,2964.2155,2967.3489,2999.8652,2930.9866,2968.2185
2024-07-23,2960.5004000000004,2960.5004,2915.3681999999994,2915.3685,2964.084,2996.5435,2927.772,2964.9446
2024-07-24,2909.1520999999993,2922.0298,2894.2884999999997,2901.9518,2944.4458,2976.5935,2908.4666,2945.2837
2024-07-25,2891.8918,2897.7674,2872.8497,2886.7416,2926.5273,2958.405,2890.8662,2927.3608
2024-07-26,2885.9953,2899.1161999999995,2875.3959,2890.8973,2901.6265,2933.1226,2866.402,2902.4475
2024-07-29,2889.4726,2898.9512,2878.5825,2891.8453,2890.0793,2921.4153,2855.0745,2890.9128
2024-07-30,2885.2151999999996,2885.2152,2865.1493,2879.2996,2883.2498,2914.494,2848.3782,2884.0938
2024-07-31,2877.5409,2940.5927,2876.3009,2938.7493,2876.3428,2907.4897,2841.6013,2877.1929
2024-08-01,2940.12,2947.8767999999995,2928.8262000000004,2932.3871000000004,2928.8022,2960.814,2893.201,2929.7437
2024-08-02,2913.0198,2931.2593,2902.7202,2905.3375,2950.8257,2983.1575,2914.821,2951.7593
2024-08-05,2889.3634,2919.0252,2860.6978,2860.6978,2933.605,2965.6248,2897.8538,2934.4783
2024-08-06,2878.6508,2888.2009,2845.335,2867.2837,2904.6118,2936.167,2869.348,2905.448
2024-08-07,2864.0101,2886.9417,2857.7247,2869.8338,2878.7136,2909.8745,2843.9065,2879.5393
2024-08-08,2864.758,2886.3994,2850.8745,2869.9014,2859.4766,2890.3533,2825.0178,2860.3044
2024-08-09,2879.8726000000006,2887.8489,2862.1941000000006,2862.1941,2857.7488,2888.6265,2823.348,2858.6052
2024-08-12,2858.8946,2869.2688,2851.2952,2858.2046,2860.6863,2891.6272,2826.2522,2861.5635
2024-08-13,2860.4099,2867.946,2845.3099,2867.946,2853.9563,2884.7925,2819.6387,2854.8281
2024-08-14,2866.2434,2866.2434,2850.401,2850.6539,2850.1125,2880.8914,2815.8643,2850.9846
2024-08-15,2844.2005,2889.0866,2839.3875,2877.3579,2840.018,2870.6387,2805.9429,2840.8809
2024-08-16,2877.9403,2888.6753,2873.0601000000006,2879.4297999999994,2857.0857,2887.9954,2822.739,2857.9868
2024-08-19,2877.9542,2905.1547,2877.7709,2893.6738,2871.528,2902.6653,2836.9336,2872.4424
2024-08-20,2895.5506,2896.5193999999997,2855.3293,2866.661,2884.2747,2915.6038,2849.4531,2885.1917
2024-08-21,2858.9388,2863.891,2848.1509,2856.5839,2877.776,2908.986,2843.0488,2878.6687
2024-08-22,2856.2001,2861.6071,2845.5024,2848.7718,2858.3743,2889.269,2823.9692,2859.238
2024-08-23,2844.7703,2860.7327,2839.3371,2854.3675,2845.8289,2876.5352,2811.6475,2846.6902
2024-08-26,2855.4741,2860.6545,2844.3828,2855.5203,2839.935,2870.562,2805.868,2840.8054
2024-08-27,2850.8773,2853.7804,2843.1576,2848.7312,2839.8542,2870.4907,2805.7996,2840.7363
2024-08-28,2844.3269,2852.5621,2830.9615,2837.4293,2839.5054,2870.1426,2805.4626,2840.3933
2024-08-29,2829.4506,2831.4309,2815.3829,2823.106,2834.904,2865.471,2800.9424,2835.79
2024-08-30,2819.6498,2867.9649,2817.0141,2842.2142,2833.8047,2864.3623,2799.8691,2834.6978
2024-09-02,2832.3499,2839.2784,2810.3739,2811.035,2865.753,2896.8376,2831.2942,2866.702
2024-09-03,2809.1733,2814.903,2794.9111,2802.9787,2858.9824,2889.9375,2824.616,2859.9
2024-09-04,2786.5046,2800.6065,2781.9352,2784.2783,2827.221,2857.6543,2793.3762,2828.0852
2024-09-05,2785.2635,2796.0186,2777.471,2788.3141,2791.0698,2820.9355,2757.8455,2791.902
2024-09-06,2791.7645,2804.0932,2765.6394,2765.8066,2772.7668,2802.3706,2739.8828,2773.61
2024-09-09,2754.7237,2756.556,2726.9667,2736.4876,2763.509,2792.9966,2730.8127,2764.3748
2024-09-10,2737.881,2750.1181,2718.6273,2744.1921,2749.8594,2779.1536,2717.418,2750.7349
2024-09-11,2732.7314,2732.7314,2710.6208,2721.7952,2746.2268,2775.4854,2713.869,2747.1218
2024-09-12,2722.1382,2734.6832,2716.5552,2717.1231,2730.7014,2759.7205,2698.614,2731.587
2024-09-13,2718.9864,2728.7797,2703.3689,2704.0896,2720.1438,2749.008,2688.2483,2721.0315
